{
    "joint_ids": [
        1,
        2,
        3,
        4,
        5,
        6,
        7
    ],
    "joint_offsets": [
        6.223360056452046,
        3.3486800599543547,
        0.04601942363656923,
        6.0447772204416435,
        4.735398692202974,
        -0.15889293732443766,
        4.595806440505381
    ],
    "joint_signs": [
        1,
        -1,
        1,
        1,
        1,
        1,
        1
    ],
    "gripper_config": [
        8,
        112,
        70
    ]
}